idx,case_number,source,prompt,sd_seed
0,203564,coco-30k,A bicycle replica with a clock as the front wheel.,41337
1,179765,coco-30k,A black Honda motorcycle parked in front of a garage.,63155
2,322141,coco-30k,A room with blue walls and a white sink and door.,78978
3,16977,coco-30k,A car that seems to be parked illegally behind a legally parked car,19959
4,106140,coco-30k,A large passenger airplane flying through the air.,86628
5,571635,coco-30k,"A bathroom with a toilet, sink, and shower.",10030
6,301837,coco-30k,"A long empty, minimal modern skylit home kitchen.",65989
7,190236,coco-30k,An office cubicle with four different types of computers.,48295
8,315702,coco-30k,A bathroom sink with toiletries on the counter.,82318
9,331352,coco-30k,A small closed toilet in a cramped space.,33826
10,517069,coco-30k,Two women waiting at a bench next to a street.,52484
11,189634,coco-30k,This is an open box containing four cucumbers.,51519
12,472598,coco-30k,An old-fashioned green station wagon is parked on a shady driveway.,17242
13,162113,coco-30k,A gas stove next to a stainless steel kitchen sink and countertop.,39503
14,126657,coco-30k,Several motorcycles riding down the road in formation.,59719
15,285421,coco-30k,A black cat is inside a white toilet.,94308
16,71988,coco-30k,A man in a wheelchair and another sitting on a bench that is overlooking the water.,8445
17,193622,coco-30k,A man sits with a traditionally decorated cow,17487
18,459912,coco-30k,Rows of motor bikes and helmets in a city,62115
19,548498,coco-30k,A cute kitten is sitting in a dish on a table.,62693
20,52087,coco-30k,A man getting a drink from a water fountain that is a toilet.,46111
21,182417,coco-30k,A beautiful dessert waiting to be shared by two people,26502
22,119964,coco-30k,A person holding a skateboard overlooks a dead field of crops.,53235
23,230610,coco-30k,A bathroom with a sink and shower curtain with a map print.,20618
24,226419,coco-30k,A random plane in the sky flying alone,95749
25,218026,coco-30k,A brown and black horse in the middle of the city eating grass.,82701
26,352538,coco-30k,A brown purse is sitting on a green bench.,77506
27,202913,coco-30k,Half of a white cake with coconuts on top.,90351
28,202658,coco-30k,An old toilet with a hello kitty cover top. ,97789
29,79472,coco-30k,Office space with office equipment on desk top.,11131
30,346071,coco-30k,Two husky's hanging out of the car windows.,54741
31,6672,coco-30k,The back door with a window in the kitchen.,78518
32,419074,coco-30k,Jet liner flying off into the distance on an overcast day,27989
33,46378,coco-30k,A cat eating a bird it has caught.,53479
34,382406,coco-30k,A woman is walking a dog in the city.,60951
35,175948,coco-30k,A tiny bathroom with only a toilet and a shelf.,48267
36,573223,coco-30k,A little girl in a public bathroom for kids.,10953
37,402514,coco-30k,A picture of a man playing a violin in a kitchen.,41009
38,93437,coco-30k,A shot of an elderly man inside a kitchen.,28856
39,407286,coco-30k,A trio of dogs sitting in their owner's lap in a red convertible.,13147
40,172330,coco-30k,A cat in between two cars in a parking lot.,2670
41,82673,coco-30k,A small car is parked in front of a scooter,64740
42,141172,coco-30k,A door with a sticker of a cat door on it,52194
43,472678,coco-30k,An office cubicle with multiple computers in it,85612
44,104326,coco-30k,A pinewood and green modern themed kitchen area.,33034
45,581177,coco-30k,A kitchen is shown with wooden cabinets and a wooden celling.,91523
46,267802,coco-30k,A group of people riding mopeds in a busy street. ,69072
47,208408,coco-30k,A person walking in the rain on the sidewalk. ,81457
48,314251,coco-30k,A parade of motorcycles is going through a group of tall trees.,70097
49,560591,coco-30k,a modern flush toilet in a bathroom with tile. ,41670
50,507362,coco-30k,Fog is in the air at an intersection with several traffic lights.,72777
51,57429,coco-30k,An airplane with its landing wheels out landing. ,93360
52,153184,coco-30k,Little birds sitting on the shoulder of a giraffe. ,5425
53,571970,coco-30k,a man with a bike at a marina,45169
54,133680,coco-30k,A man is sitting on a bench next to a bike.,84823
55,139011,coco-30k,People are waiting for the bus near a bus stop.,3670
56,223747,coco-30k,a man sleeping with his cat next to him,36179
57,505386,coco-30k,four urinals in a public restroom with a window,25477
58,107990,coco-30k,A small child climbs atop a large motorcycle,89741
59,527510,coco-30k,A large U.S Air Force plain sits on an asphalt ramp.,57643
60,5247,coco-30k,A black and white photo of an older man skiing.,46637
61,107960,coco-30k,Riding a motorcycle down a street that has no one else on it.,81839
62,109976,coco-30k,An all white kitchen with an electric stovetop. ,70873
63,12667,coco-30k,The telephone has a banana where the receiver should be.,62254
64,410627,coco-30k,The young man is stirring his pot of food with a wooden spoon.,44183
65,232223,coco-30k,A fighter jet is flying at a fast speed.,76887
66,22793,coco-30k,A public bathroom with a bunch of urinals.,82315
67,436456,coco-30k,The airplane is on the runway with two young men standing by.,4147
68,368402,coco-30k,The woman in the kitchen is holding a huge pan.,16720
69,135161,coco-30k,A toilet sits next to a window and in front of a shower.,94272
70,178761,coco-30k,A dog and a goat with their noses touching at fence.,58805
71,491000,coco-30k,Pedestrians walking down a sidewalk next to a small street.,14625
72,538092,coco-30k,A man standing in a kitchen while closing a cupboard door.,41678
73,205577,coco-30k,A photograph of a kitchen inside a house.,16817
74,508672,coco-30k,a bike leaning on a metal fence next to some flowing water. ,58906
75,334015,coco-30k,a small toilet stall with a toilet brush and 3 rolls of toilet paper ,60888
76,27842,coco-30k,A dual sink vanity with mirrors above the sinks.,604
77,358606,coco-30k,A fireplace with a fire built in it.,25350
78,567730,coco-30k,The sign of a restaurant in the outside of the store.,15596
79,61259,coco-30k,an airport with one plane flying away and the other sitting on the runway,36194
80,554037,coco-30k,"a counter with vegetables, knife and cutting board on it. ",83202
81,5394,coco-30k,A boat that looks like a car moves through the water. ,10169
82,455384,coco-30k,A delivery truck with an advertisement for Entourage.,43593
83,249352,coco-30k,A black and white toilet with a plunger.,2689
84,348306,coco-30k,A bike leaning against a sign in Scotland.,68696
85,482917,coco-30k,A dog sitting between its masters feet on a footstool watching tv,64297
86,475593,coco-30k,Women father around a desk and machinery in a factory.,66052
87,145523,coco-30k,A few items sit on top of a toilet in a bathroom stall.,6237
88,143370,coco-30k,A bathroom with a poster of an ugly face above the toilette.,4419
89,279806,coco-30k,A dirt bike rider doing a stunt jump in the air,54899
90,59171,coco-30k,A couple of birds fly through a blue cloudy sky.,49590
91,369826,coco-30k,A picture advertising Arizona tourism in an airport,45863
92,534605,coco-30k,Man in motorcycle leathers standing in front of a group of bikes,70037
93,400552,coco-30k,A variety of pots are stored in a nook by a fireplace.,17016
94,238836,coco-30k,A car is stopped at a red light,54156
95,264461,coco-30k,A bathroom with a traditional toilet next to a floor toilet.,92514
96,342387,coco-30k,A group of people preparing food in a kitchen.,34982
97,488327,coco-30k,Posted signs point the way through a parking garage.,76569
98,540860,coco-30k,A green car on display next to a busy street.,49222
99,172851,coco-30k,A large passenger jet taking off from an airport.,87976
100,486194,coco-30k,Young woman carrying an opened umbrella in a city neighborhood.,36632
101,236148,coco-30k,An older man backing up a truck with a bicycle in it's flat bed.,24012
102,289393,coco-30k,Set of toy animals sitting in front of a red wooden wagon.,88656
103,115930,coco-30k,A group of men standing in front of a bar having a conversation.,29444
104,75663,coco-30k,A children play area absent of any children.,81366
105,352794,coco-30k,Fruit in a jar filled with liquid sitting on a wooden table.,42517
106,561256,coco-30k,A woman wearing a hat & pink top takes a selfie in front of a bathroom mirror.,1699
107,175954,coco-30k,A work station in use inside an office.,65251
108,484751,coco-30k,Three computer screens showing a panoramic beach scene.,12316
109,457834,coco-30k,Elephants are in a long line with people on top of them.,5121
110,412151,coco-30k,A bicycle store shows two males leaning toward a bike.,89688
111,427091,coco-30k,City traffic and pedestrians are headed in multiple directions on the street.,92488
112,32203,coco-30k,There are some dirt bike riders taking a sharp turn,55189
113,525971,coco-30k,A large group of motorcycle riders collect in a parking lot. ,31088
114,354572,coco-30k,People sitting under an umbrella looking at the scenery.,11980
115,185360,coco-30k,A cow standing next to a damaged car on a dirty lot.,79355
116,338325,coco-30k,A striped plane flying up into the sky as the sun shines behind it.,22651
117,65485,coco-30k,A dog driving an SUV in an open grass covered field.,25962
118,226662,coco-30k,A customized motorcycle with more in the background.,87586
119,321064,coco-30k,A small wooden table covered with delicious vegetables. ,72342
120,11511,coco-30k,A sculpture of two women stting on a bench with their purses on the ground while people standing in a line behind them. ,84582
121,263664,coco-30k,A couple on a motorcycle in front of a bus and a metermaid car,91607
122,468508,coco-30k,A red motorcycle parked on a sidewalk near multi-story buildings.,34269
123,31984,coco-30k,A model standing next to a scooter in the middle of a room of people,61883
124,322791,coco-30k,An airplane is doing tricks and emitting smoke.,65938
125,295768,coco-30k,Computer monitor and accesories sitting on a desk.,24200
126,229067,coco-30k,A group of people skiing down a snow covered slope.,70299
127,156324,coco-30k,A woman takes a selfie in front of a bathroom mirror.,94278
128,508605,coco-30k,Boy rides skateboard and does trick over stairs.,80162
129,268224,coco-30k,Three young people in a kitchen pointing to a pizza.,36210
130,206260,coco-30k,Assorted flavored donuts being grabbed by multiple hands.,77756
131,489528,coco-30k,An outside doorway to a restroom showing a destroyed wall and damaged floor.,30124
132,450308,coco-30k,A man stands with his bike in ankle deep water in a flooded city.,89971
133,221754,coco-30k,There is very little traffic at this city intersection.,1066
134,446409,coco-30k,A tabby cat laying on a cat scratcher in front of a bicycle wheel. ,47435
135,420958,coco-30k,This a view from an airplane of the landscape below.,2857
136,523400,coco-30k,"A bathroom with double sinks, mirrors, toilet and towel racks.",43009
137,40986,coco-30k,Raw cookies in a pan on the counter and baked cookies in a pan on the stove.,51873
138,8045,coco-30k,Tub and shower on platform in modern tiled bathroom.,44012
139,249025,coco-30k,An orange reddish rose in a vase filled with water on top of a table.,68992
140,255965,coco-30k,A cat pausing as it's picture is taken.,21718
141,529691,coco-30k,A row of park benches on the side of a green grassy hill. ,78007
142,482597,coco-30k,A man in an ATV is moving the cows along.,7552
143,51191,coco-30k,The view of a large bathroom with a walk in closet.,15294
144,249371,coco-30k,"Many sheep grazing in a large, green pasture.",56793
145,51598,coco-30k,A black trash bag in a restroom next to a sink.,91062
146,408364,coco-30k,A young man standing next to a race car with the red sox logo on it's hood.,47749
147,267862,coco-30k,A guy sitting on his motorcycle while a woman stands beside him,93338
148,536321,coco-30k,An adorable caleco cat sitting underneath a bicycle.,30304
149,148272,coco-30k,An adorable cat attempts to hide in a purse to steal the persons identity.,62285
150,36450,coco-30k,A very big teddy bear is next to a woman.,83334
151,138599,coco-30k,A BMW motor cycle parked next to shrub..,19005
152,501055,coco-30k,A photograph taken from an airplane window while in flight.,87363
153,445846,coco-30k,A clean kitchen with the windows white and open.,49142
154,363272,coco-30k,A man sitting on a stone block talking on a cell phone.,41014
155,231846,coco-30k,A yellow stripped cat sitting in a bathroom sink.,13464
156,260409,coco-30k,A person in a helmet standing by their motorcycle.,88045
157,220704,coco-30k,A cafeteria type kitchen that is not in use.,10412
158,158466,coco-30k,A young man jumping up into the air to catch a Frisbee.,72378
159,100138,coco-30k,A black motorcycle parked in front of trees.,86021
160,192871,coco-30k,A glass bowl filled with oranges on a table.,72208
161,349344,coco-30k,A yellow dune buggy on display amongst other automobiles.,22338
162,365642,coco-30k,A young attractive woman sitting on a toilette on the side of a street.,4296
163,317639,coco-30k,A woman is taking a picture of herself in a bathroom mirror.,40647
164,393569,coco-30k,A young woman using a laptop computer while sitting on a bunk bed.,20052
165,556837,coco-30k,A toilet in a stall with remote control buttons.,95809
166,282346,coco-30k,A skateboarder is riding his skateboard at night.,74803
167,116479,coco-30k,An old victorian style bed frame in a bedroom.,45518
168,63740,coco-30k,Two computers sitting on top of a desk.,38201
169,477016,coco-30k,A young child stands in the kitchen with an adult.,76099
170,172710,coco-30k,A woman kisses a man as they sit on a motorcycle.,7315
171,214274,coco-30k,A man and a woman cook in the kitchen.,33160
172,385757,coco-30k,A picture taken from the driver seat of car at a stop sign.,48874
173,181586,coco-30k,A black and white cat sits near a window looking outside.,44024
174,383464,coco-30k,The exterior of an airport with some planes.,8266
175,552979,coco-30k,A cat looking inside of a door from the outside.,42254
176,289714,coco-30k,A person in a kitchen looking at the oven.,64627
177,425690,coco-30k,An overview picture of a street at night.,87654
178,19523,coco-30k,two women loading their bicycles onto a bus rack,43624
179,570736,coco-30k,A view of a bathroom that is clean.,45536
180,510992,coco-30k,A picture of a white gas range with figurines above.,35501
181,278237,coco-30k,A street scene with several cars and a bus.,18246
182,319275,coco-30k,a person riding skis in the middle of a snowy street,85943
183,492937,coco-30k,A close up of a bike brake on a bicycle.,75512
184,430750,coco-30k,People walking toward an airplane to board it.,66961
185,370462,coco-30k,A ski resort that has a couple people outside. ,97940
186,205570,coco-30k,A woman uses a paintbrush on a melting candle.,78190
187,117425,coco-30k,A toddler celebrates his birthday with a cupcake.,83710
188,443351,coco-30k,One white motorcycle and one green motorcycle parked on the road,85041
189,97790,coco-30k,1 military jet fighter flying in formation alongside a 1 military propeller pilot. ,31506
190,375415,coco-30k,Fruit and vegetables are hanging in a metal basket.,90870
191,159977,coco-30k,A giraffe and a zebra checking each other out.,38299
192,576981,coco-30k,"Oranges in a basket, a pillow and a bottle of liquor.",12810
193,124766,coco-30k,A man wearing a blue bow tie and a fedora hat in a car. ,52790
194,498547,coco-30k,The kitchen has many grill with pots hanging all around.,740
195,561620,coco-30k,Light from an open door shines on a simple wooden pew in a church.,60177
196,239985,coco-30k,A dog with goggles is in a motorcycle side car.,39678
197,43098,coco-30k,A man is walking down the street in front of a red door.,27929
198,325374,coco-30k,A woman holding a sheep by its front legs.,64190
199,568265,coco-30k,A man flying a kite in a park on a clear day,85576
200,14297,coco-30k,A house boat along the water has bicycles on deck.,84693
201,30423,coco-30k,Four giraffes in the wild eating from trees.,98366
202,8180,coco-30k,A large airplane is on the airport runway.,60899
203,207652,coco-30k,A parked motorcycle with a red enclosed side car.,84614
204,232538,coco-30k,A yellow and blue train is next to an overhang.,73321
205,510150,coco-30k,A stoic looking cat sits in a green bowl.,86600
206,436972,coco-30k,A man in a uniform standing on a motorcycle in front of a crowd.,37142
207,564911,coco-30k,A oneworld passenger plane taking off from an airport.,24775
208,373193,coco-30k,A girl is sitting by her dog on the stairs.,55112
209,127585,coco-30k,An office with a leather couch surrounded by books.,58846
210,349590,coco-30k,Women taking picture of themselves while brushing their teeth.,21835
211,372413,coco-30k,Motorcyclist is taking a turn while onlookers observe ,79501
212,102625,coco-30k,An empty kitchen filled with dishes and appliances.,98854
213,145093,coco-30k,A stone building with a clock displayed on the outside. ,63897
214,100711,coco-30k,"Entertainment room with rack of dvds, tv and seating area.",83525
215,300216,coco-30k,A clean white bathroom with a simple mirror above the vanity.,34991
216,306313,coco-30k,An oven in a kitchen with a stove on top in between counter tops.,28527
217,349804,coco-30k,Three airplanes on display behind a high fence.,93680
218,548706,coco-30k,A bathroom sink and towels hanging on the door.,2501
219,271206,coco-30k,A white sink sitting underneath a round mirror.,1203
220,177934,coco-30k,A group of women operating a car wash.,13712
221,369763,coco-30k,A polie officer standing next to a  motorcycle parked on the street.,99063
222,312724,coco-30k,A group of different animals are grazing in the wild. ,39079
223,96549,coco-30k,An airplane on the runway either just landed or ready to take off.,83151
224,322604,coco-30k,A motorcycle rally on the street with many spectators.,71189
225,445002,coco-30k,an empty modern style bathroom for two people,10836
226,469192,coco-30k,A car is parked on dry grass with kites overhead.,55529
227,39430,coco-30k,Two sheep are looking over a cement wall.,39121
228,215708,coco-30k,People are looking at a decorative cake with long candles.,53653
229,123843,coco-30k,A white bathroom has a white shower curtain.,89257
230,175024,coco-30k,A person sits on top of a motorcycle with a stuffed toy.,57261
231,106900,coco-30k,"A woman, man, and a dog standing in the snow. ",17536
232,74132,coco-30k,A bathroom with a large bathtub and sink under a large mirror.,81949
233,428769,coco-30k,Car parked at meter with license plate that says SUPABAAD.,75009
234,69236,coco-30k,a wooden and metal bench near a over grown bush,84275
235,262594,coco-30k,People standing on a roadway next to a vintage motorcycle.,46814
236,32054,coco-30k,A dog standing next to an address marker and a woman holding an umbrella.,4572
237,56070,coco-30k,A motorcycle parked next to a yellow thing and tree.,63748
238,11334,coco-30k,A close up detail of an ornate brickwork cathedral,88938
239,81505,coco-30k,The plane is flying through a clear blue sky.  ,42391
240,555472,coco-30k,An elephant is crossing a road while a jeep is parked watching. ,61891
241,468858,coco-30k,An old floor standing tv next to a leather couch.,71695
242,104381,coco-30k,A car stopped at a traffic light with it's brake lights on.,97248
243,525667,coco-30k,People standing around a park bench next to a bicycle.,35295
244,549386,coco-30k,A man standing outside of a building next to bicycles.,59157
245,237920,coco-30k,Empty seats in front of a building on a sidewalk.,63329
246,155997,coco-30k,A dog rides in a cart pulled by a man on a bike.,2438
247,5879,coco-30k,Two bicycle riders riding in the city at night.,90436
248,93959,coco-30k,A white kitchen with marble countertops and stone floors.,94645
249,251075,coco-30k,A bathroom with a vanity mirror toilette and kitchen sink next to a shower.,26084
250,281950,coco-30k,A lone toilet sits in a large bathroom.,69399
251,370210,coco-30k,Two dogs in a car looking out the window.,72155
252,531111,coco-30k,A bathroom with a black and white checkered floor.,56732
253,499177,coco-30k,A man riding a dirt bike on a country road in a forest.,33001
254,75118,coco-30k,A fighter jet doing tricks with smoke trailing behind it.,37667
255,90732,coco-30k,A little girl is mixing in a  kitchen bowl while standing on a chair.,12361
256,301574,coco-30k,three motor cycle racers posing on their parked bikes,41815
257,241876,coco-30k,A cat on the lid of a toilet looking perturbed.,15004
258,34474,coco-30k,A home with lots of wood darkly stained.,32637
259,364113,coco-30k,Two people riding different colored horses down a dirty road.,44111
260,79920,coco-30k,A living room with a large tv and pictures all around.,81763
261,494629,coco-30k,A man sits on a toilet while working on his computer at his desk.,12466
262,61422,coco-30k,A bathroom with a sink and a toilet. ,94595
263,44652,coco-30k,A flying plane with smoke trailing behind it.,19308
264,210502,coco-30k,Part of train car with a door to the rear connected to the car behind it,51325
265,146961,coco-30k,A man is cooking in a crowded kitchen.,44170
266,9288,coco-30k,A toilet in a restroom next to a toilet paper dispenser,52285
267,136783,coco-30k,A rock wall next to a green tiled room.,54987
268,120157,coco-30k,A toilet bowl with no toilet seat in a restroom,71417
269,193680,coco-30k,Full grown cat laying down and sleeping on top of a car. ,15400
270,298396,coco-30k,Kitchen area with counter top space and dining room table. ,14390
271,565635,coco-30k,two lines of motorcycles driving down the road while a crowd watches,39890
272,561780,coco-30k,A group of older people sitting on a park bench with a dog on a leash.,31219
273,187513,coco-30k,A bathroom with a sliding shower door next to a toilet.,30354
274,230600,coco-30k,A toilet on the outside of a building next to a parking meter.,49199
275,552883,coco-30k,"A view of a kitchen with cabinets, a sink and a clothes washer.",1721
276,69293,coco-30k,"The bathroom toilet with the cover up, sink, and bathroom items are shown.",76545
277,369979,coco-30k,Several pieces of art and a painting on display,11217
278,21711,coco-30k,Motorcyclists and a bicycle are parked on a yard.,64958
279,293153,coco-30k,The sightseeing boat streams along the river joined by a plane,61324
280,20788,coco-30k,A woman hovering over food on a wooden table.,29479
281,228214,coco-30k,A Marine that is looking at his cell phone.,44841
282,424378,coco-30k,A man with glasses riding in a car with an adorable dog in the backseat.,11012
283,400456,coco-30k,A man riding on the back of a brown horse in front of a truck.,90092
284,186697,coco-30k,A peson riding a bike down a long narrow road.,81179
285,336384,coco-30k,An airliner taking off from an airport runway.,77880
286,154419,coco-30k,A dog wearing a protective cone around it's head watching TV.,16050
287,331366,coco-30k,A man riding a bicycle down a sidewalk.,61946
288,251639,coco-30k,A cat sniffing an upside down blue bicycle.,11792
289,372113,coco-30k,A celebration with cake for Navy members stationed in Thailand,30267
290,554625,coco-30k,a boy wearing headphones using one computer in a long row of computers,27322
291,453634,coco-30k,A bathroom with a toilette with it's seat down.,27268
292,297414,coco-30k,A kitchen filled with dishes and appliances with lots of cupboards..,11022
293,412693,coco-30k,Two adorable birds perched on a piece of bamboo.,4544
294,442609,coco-30k,A messy kitchen with pots and pans laying around.,71272
295,132901,coco-30k,A man and a woman standing next to a motor cycle.,26846
296,75101,coco-30k,A large bathroom with an enclosed toilet and a large sink.,56005
297,493753,coco-30k,An office desk holding multiple computers and various supplies.,71044
298,521906,coco-30k,A man wearing a striped suit standing next to butcher knives.,82626
299,353982,coco-30k,A woman sitting at a table while holding a pair of scissors.,23695
300,85316,coco-30k,An old picture of a family on their farm.,8004
301,201775,coco-30k,A bathroom with two urinals and a sink.,63220
302,527260,coco-30k,A kitchen cluttered with dishes with a stove and oven.,929
303,85145,coco-30k,An airplane flying in a blue sky with it's landing gear down.,49328
304,533900,coco-30k,A wooden bathroom with a wooden toilet next to a window.,91007
305,102735,coco-30k,Dog in parking lot and on a leash.,49060
306,56752,coco-30k,Man on a bicycle riding on the road next to a river.,84031
307,391375,coco-30k,A girl sitting on a bench in front of a stone wall.,60768
308,522137,coco-30k,Three Mercedes Benz on the top of a train as cargo ,21115
309,544713,coco-30k,A man sitting on a parked motorcycle on the street ,82340
310,448151,coco-30k,A birthday boy with car shaped cake and candles on it.,27392
311,537955,coco-30k,A brown dog standing on the kitchen floor looking up.,21474
312,557501,coco-30k,A bathroom is very colorful with blue yellow and red.,25275
313,327565,coco-30k,A collection of photos of an old motorcycle and parts.,74967
314,411564,coco-30k,A man sitting in a window ledge with a cell phone in his hand.,17262
315,438258,coco-30k,A little girl in ponytails holding on to a teddy bear.,38461
316,435880,coco-30k,A refrigerator next to a red wall in the kitchen. ,58673
317,555050,coco-30k,"A car driving in an intersection, past a furniture shop. ",12451
318,306444,coco-30k,A bathroom scene with focus on the toilet.,7448
319,139440,coco-30k,Six people in a boat rowing on a body of water.,56982
320,401411,coco-30k,A chef in a kitchen preparing a meal.,23006
321,31519,coco-30k,A group of rescue workers helping an overturned car,46136
322,220255,coco-30k,A large commercial airplane sitting on the runway.,43305
323,383601,coco-30k,A toilet with an object hanging off of it.,13833
324,154324,coco-30k,An empty bathroom with a shower next to a toilet.,49236
325,368978,coco-30k,A four engine jet transport airplane flying low.,15612
326,466085,coco-30k,A bathroom that has been gutted with the shower basin the only thing left.,34729
327,237428,coco-30k,A blonde woman sitting on a park bench next to a green bike.,75142
328,5802,coco-30k,Two men wearing aprons working in a commercial-style kitchen.,58071
329,272015,coco-30k,A park bench in front of a porch in a green grass filled park.,23299
330,108283,coco-30k,A rotten door leading into a restroom covered in filth.,11621
331,360673,coco-30k,A group of motorcycles parked side by side in front of a donuts shop.,83658
332,465877,coco-30k,A chef in a kitchen standing next to a counter with jars and containers.,50020
333,524954,coco-30k,A urinal is displayed with modern porcelain structuring.,45000
334,242363,coco-30k,"A bathroom with a sink, toilet and shower bathtub combination.",95062
335,488943,coco-30k,A European street scene with a motorcycle and a car.,36351
336,396673,coco-30k,Two large commercial airplanes sitting on the runway.,55018
337,8218,coco-30k,A building with a black and gold clock on it.,59338
338,140307,coco-30k,A group of people sitting around a table under an umbrella.,17056
339,27065,coco-30k,A towel hangs beneath a sink in a bathroom.,25319
340,442009,coco-30k,a bathroom with a bath tub near windows,7211
341,264599,coco-30k,A crowded city street with lots of people walking around.,85110
342,332653,coco-30k,A man stands next to a motorbike on some pavement.,99668
343,239252,coco-30k,An elaborate contraption on a water faucet for a bathtub.,68425
344,506906,coco-30k,Two cups of black coffee sitting next to a coffee pot. ,49696
345,34196,coco-30k,Two desktop computer monitors sitting on a desk with a keyboard and mouse.,98292
346,260627,coco-30k,A commuter train traveling down train track next to a rural road.,1323
347,13466,coco-30k,Two street signs are shown against more buildings.,8794
348,262514,coco-30k,A display of a toilet and sink in a store. ,54251
349,352151,coco-30k,a plane on an air port run way,34026
350,127987,coco-30k,A baseball player bobble head next to two computer monitors on a desk.,69917
351,57703,coco-30k,A man and two women walking their dogs and hiking in the woods.,10370
352,199951,coco-30k,a person riding a motorcycle on an enclosed road,51591
353,525420,coco-30k,A bathtub is beneath a torn down wall.,65821
354,567220,coco-30k,"An open door leading to a bathroom toilet, with a shower rack and bureau visible.",29285
355,236535,coco-30k,A small plane is taking off from a grassy field.,32084
356,568893,coco-30k,"A hotel room with a flat screen tv, chair, and bed. ",84139
357,62483,coco-30k,A young soldier has his picture taken with a young lady with an open jacket and brazier showing.,41120
358,137967,coco-30k,A cubicle desk with two laptops on it. ,49197
359,580255,coco-30k,Two big dogs ride beside one another on the same vehicle seat.,15245
360,99389,coco-30k,A motorcycle parked in front of a graffiti covered building.,27673
361,152649,coco-30k,A jumbo jet airplane in flight on a sunny day.,13761
362,294832,coco-30k,A bathroom with an enclosed shower next to a sink and a toilet.,85681
363,499281,coco-30k,A kitchen with a bag from Whole Foods on the counter. ,52184
364,73280,coco-30k,a brown and white kitchen with a silver refrigerator,7469
365,176828,coco-30k,A airplane banking to the right as it ascends into the sky,63501
366,288639,coco-30k,A calico cat drinking water from a running tap in a bathroom.,71120
367,420490,coco-30k,A kitchen with an island and window over the sink.,2112
368,528729,coco-30k,A man talking on a cell phone walking an orange bike across a street.,21961
369,196047,coco-30k,a bathroom with a toilet and a bath tub,69806
370,147042,coco-30k,"A kitchen refrigerator with numerous pictures held up by magnets, next to counters and a dining table and chairs.",80312
371,50411,coco-30k,A mounted police officer riding down a city street past parked cars.,66752
372,43771,coco-30k,A bathroom containing a toilet and a sink.,81133
373,120021,coco-30k,A motorcycle with a red seat is on top of a stand. ,28927
374,27517,coco-30k,A person holds a flip phone displaying the screen.,97884
375,92678,coco-30k,A couple flying a kite at dusk on the seaside.,71975
376,175942,coco-30k,A street view with a plane flying ahead.,78653
377,279343,coco-30k,A group of fighter jets sitting on an airport tarmac.,57308
378,486521,coco-30k,A hood lifted on a Chevrolet vehicle with a teddy bear on the side.,81849
379,564003,coco-30k,A restroom stall with a white toilet and a toilet paper dispenser.,44940
380,283910,coco-30k,A group of sheep being herded by a black dog.,64205
381,497099,coco-30k,A room filled with bathroom sinks and bath tubs.,32974
382,318361,coco-30k,a girl sitting at a kitchen table in a home,50376
383,115229,coco-30k,A  lawn sitting on a snowy sidewalk by a hydrant.,97276
384,148766,coco-30k,some white and blue porcelain designer toilet bowls,21258
385,562090,coco-30k,A bathroom with all black fixtures in it.,41285
386,166003,coco-30k,A small room with a heater and a desk filled with clutter.,54682
387,136793,coco-30k,a toilet a toilet paper roll and a newspaper,54505
388,368335,coco-30k,a brown horse is walking in between two cars,85742
389,383777,coco-30k,A man in hipster clothes straddling a bicycle on the sidewalk.,80269
390,422326,coco-30k,A modified motorcycle parked with other motorcycles on the pavement.,69725
391,162280,coco-30k,A small bathroom with focus on the shower curtain.,55642
392,211491,coco-30k,An older woman sits in a sweater at the beach.,1308
393,160345,coco-30k,A man is sitting on a bench reading a book.,38224
394,231236,coco-30k,A beige tiled bathroom with white fixtures and a mirror.,1350
395,264964,coco-30k,A pile of feces sits on the back of a public restroom toilet.,89011
396,28389,coco-30k,A plane parked next to a truck next to a house.,9645
397,423798,coco-30k,A street at night is lit up by streetlights.,89455
398,307993,coco-30k,a man is reading a book in a car with a small dog,54622
399,351711,coco-30k,A motorcycle parked next to a bunch more with a plastic sign in front of it.,57917
400,449279,coco-30k,Three birthday candles stand lit on a cake.,77092
401,140420,coco-30k,A motorcycle is parked on a dirt road in a forest.,46098
402,386613,coco-30k,An older floor light sits deserted in an abandoned hospital.,30039
403,391132,coco-30k,A bowl of peeled oranges sitting on a white bowl on a kitchen counter.,96145
404,204186,coco-30k,Racers riding four wheelers while a crowd watches.,42879
405,421195,coco-30k,A combination of black and white sheep grazing in a meadow,76418
406,555983,coco-30k,A blurry motion picture of a person doing a wheelie on a motorcycle.,68131
407,544975,coco-30k,Wild animals grazing near a lagoon surrounded by trees.,30885
408,370165,coco-30k,A person on a motor bike doing a wheelie jump,51053
409,514537,coco-30k,A wild animal drinks water from the toilet bowl.,79287
410,292648,coco-30k,A man in a wetsuit is holding his surfboard on the pier. ,88328
411,246233,coco-30k,A massive wooden ship beached on snow covered ground.,18637
412,170232,coco-30k,A bus driving down a street in a small city.,64718
413,524202,coco-30k,The Space Shuttle is being transported by a NASA jumbo jet.,59073
414,208169,coco-30k,A large number of people riding motorcycles down the road.,7074
415,376177,coco-30k,A group of people observing two planes at an air show. ,6908
416,40471,coco-30k,An older picture of a large kitchen with white appliances.,19558
417,523953,coco-30k,A young boy stands next to a row of parked motorcycles.,46182
418,10363,coco-30k,A gray cat standing on top of a black car.,4057
419,173008,coco-30k,A man in a tropical print shirt with glasses and long hair is eating a banana.,16337
420,391837,coco-30k,A man sitting on a motorcycle posing in front of a bay. ,57147
421,118965,coco-30k,A man sitting on his skateboard in a field.,2967
422,190829,coco-30k,Separate men sitting on park benches playing on phone and reading.,66496
423,314328,coco-30k,A clean white toilet in a stall with a chrome toilet brush.,72356
424,538359,coco-30k,A public bathroom sink and hand drying area.,25988
425,482187,coco-30k,a group of men staring at a cellphone image,57660
426,452793,coco-30k,A kitchen with a granite counter top and faucet.,30981
427,538497,coco-30k,There is a urinal and trash can inside a small room. ,11214
428,172843,coco-30k,An old toilet is transformed into a lawn ornament by adding soil and plants.,86952
429,140006,coco-30k,Mopeds and bicycles parked next to parking meters.,8526
430,574145,coco-30k,A new and stylish bathroom with a walk in shower is shown.,43032
431,456865,coco-30k,An airplane just landed on the runway ,75710
432,504711,coco-30k,A fork rests on a plate next to a piece of cake.,85346
433,288584,coco-30k,A person dressed as a giraffe carrying a bullhorn.,91607
434,546642,coco-30k,A motorcyclist riding down the street with a dog in a basket.,30690
435,184531,coco-30k,A custom motorcycle sits in a car show,52746
436,49428,coco-30k,A bicycle is on the shelf in a display,60380
437,499391,coco-30k,A stove with a frying pan and a teapot on it.,65036
438,254644,coco-30k,A country charm type of kitchen is equipped with greenery and nick nacks.,65831
439,325357,coco-30k,Metallic looking container sitting in front of a brick wall. ,18441
440,283498,coco-30k,Plane on the tar mat of an airport.,25055
441,107907,coco-30k,Artistic toilet piece sitting in the center of a museum gallery. ,9451
442,57072,coco-30k,A stainless shiny serrated knife sits in front of a sliced loaf.,52963
443,526401,coco-30k,A group of motorcyclists driving down the road. ,17557
444,246613,coco-30k,A bathroom with a toilet and a couple towels.,98757
445,56205,coco-30k,A person sits next to their bike while birds walk nearby.,36528
446,540669,coco-30k,A cat sitting on a desk next to a window.,27925
447,67252,coco-30k,Two shake boarders playing on the street with one individual sitting under a tree.,99303
448,551304,coco-30k,A white and gold fancy toilet and stainless trash can.,50961
449,309071,coco-30k,A man bending down next to a bicycle.,20959
450,283904,coco-30k,A cat walking on the top of an open door.,54350
451,245818,coco-30k,a man in a uniform checking out the wreckage of a bus crash,15155
452,317320,coco-30k,A bicyclist is riding across the street next to someone on a motorcycle. ,3166
453,67327,coco-30k,A Qatar airlines plane on an airport runway. ,33781
454,72077,coco-30k,Hospital display of different bed setups and a nurses uniform. ,28743
455,75560,coco-30k,An empty road with buildings on each side.,29140
456,315173,coco-30k,A group of people riding on the back of a tour bus,27091
457,238090,coco-30k,A bathroom with an enclosed shower door next to a toilet.,78674
458,276284,coco-30k,A motorcycle is parked in a parking lot.,26563
459,34811,coco-30k,A bathroom sink underneath a medicine cabinet next to a window.,85411
460,451202,coco-30k,A classic car parked next to a large metal Canadian airplane.,31135
461,374950,coco-30k,A large white bathroom with a massive mirror over a sink,8170
462,103548,coco-30k,A herd of animals traveling down a country road surrounded by a lush green landscape.,77486
463,143582,coco-30k,a person riding a motorcycle on a race track,98880
464,430774,coco-30k,a restaurant called time to eat on lincoln avenue,85725
465,144941,coco-30k,This is an image of the inside of a nice bathroom.,75142
466,488278,coco-30k,China Airlines plain on the ground at an airport with baggage cars nearby.,66120
467,74920,coco-30k,An open laptop equipped with a webcam in front of a television. ,26997
468,226408,coco-30k,Child laying down with arms extended in the air.,79580
469,447787,coco-30k,A lady holding up a pot roast while posing for a photo.,62660
470,477688,coco-30k,A row of motorcyclists lined up while passer byers watch.,95317
471,148737,coco-30k,A cat sitting on a hard wood floor in front of a large library of books.,71111
472,374743,coco-30k,An orange cutting knife on top of a black case.,66625
473,10800,coco-30k,"A bathroom with a sink, counter, toilet and shower curtain.",39456
474,360434,coco-30k,a man in red and plack sleeping on a park bench,15894
475,558073,coco-30k,a cat sitting in a bathtub not looking amused,88525
476,167443,coco-30k,a lit up counter with two fancy sinks on it,6468
477,2881,coco-30k,Two men walking through a field next to a large jet liner.,42003
478,80737,coco-30k,A parked black motorcycle in front of a brown house.,80641
479,337403,coco-30k,Some pans and kitchen spoons hang from hooks on a ceiling rack.,10255
480,371117,coco-30k,A black and white cat sitting on the side of a computer monitor.,67963
481,506151,coco-30k,A domestic cat rests on a kitchen table in front of a microwave.,9986
482,73009,coco-30k,a man sits on a toilet in a bathroom.,70730
483,75051,coco-30k,A small white toilet sitting next to a metal trash can.,17550
484,384036,coco-30k,a group of urinals is near the trees,23001
485,490927,coco-30k,The bathroom counter is nicely decorated and organized.,84932
486,298784,coco-30k,A man walking his bike past a wooden boat.,81696
487,196758,coco-30k,Two stuffed animals are cutting bread and spreading jelly on it.,24030
488,537548,coco-30k,A  soldier riding a red motorcycle down a busy street.,26629
489,474430,coco-30k,"The bathroom is small but clean and neat looking, with an immaculate black and white tub / shower.",76329
490,519649,coco-30k,A kitchen filled with appliances and lots of cupboard space.,54204
491,163333,coco-30k,A man standing by a large air gondola that is docked in a station,44124
492,159377,coco-30k,Two people preparing a meal in a kitchen.,52363
493,401556,coco-30k,A towel on a drying rack in a bathroom with a wooden stool.,10888
494,48419,coco-30k,Small grey cat crawling over a woman's stomach. ,32535
495,287151,coco-30k,View of a narrow bathroom with white vanity and commode with brown tile,28640
496,139291,coco-30k,Woman riding her bike down a small side path.,30526
497,242611,coco-30k,a long beige bathroom with a door to a bedroom and another to the hallway,87113
498,419978,coco-30k,A group of bikers riding down the road together.,57957
499,257996,coco-30k,The unfinished room has tools and construction materials scattered about.  ,57183
500,411685,coco-30k,A black cat half-submerged in a toilet while drinking out of it.,11527
501,15918,coco-30k,A restroom hanging off the side of a building over a mountain.,39567
502,205533,coco-30k,A bathroom with powers on a towel rack under a painting.,15842
503,252911,coco-30k,A man riding a motorcycle next to a woman driving an SUV,76263
504,544237,coco-30k,A woman preparing food at a restaurant for customers.,41121
505,120428,coco-30k,A girl with a drink sitting on the toilet.,71836
506,64088,coco-30k,An older woman walking behind a bus on a city street.,99286
507,102411,coco-30k,Two people riding a motorcycle to the beach.,49859
508,48924,coco-30k,A dirt bike parked near a tent in the woods.,19720
509,436467,coco-30k,A pan filled with veggies and a block of butter.,37026
510,523297,coco-30k,A bathroom with a toilet bowl and shower.,27906
511,230008,coco-30k,a traffic motorcycle cop waits to give a ticket,63333
512,469134,coco-30k,A group of bikers assembles outside of a pizza shop.,57875
513,314370,coco-30k,A kitchen filled with clutter all over it's counter.,36065
514,122317,coco-30k,a kite with a long tail some people and a black truck,23140
515,539478,coco-30k,Pair of giraffes in an open field grazing and watching. ,61409
516,181666,coco-30k,a flock of goats and some men watching them,8898
517,542211,coco-30k,A red fire hydrant between two trees in front of a building.,3107
518,264659,coco-30k,Two birds sit on top of a parked car.,8990
519,435444,coco-30k,three bicycles are parked against a fence a car and building,39031
520,572733,coco-30k,A large airliner jet flying through the blue sky.,75688
521,128842,coco-30k,A kitchen with an odd shaped counter top with a metallic stove oven.,32325
522,342515,coco-30k,A long row of motorcycles parked side by side next to a garage.,42621
523,221737,coco-30k,A long empty road way surrounded by wild plants.,8802
524,258680,coco-30k,A man wearing a suit and tie under a brown umbrella.,74544
525,170389,coco-30k,A person is watching two basketball games at once.,83730
526,506577,coco-30k,A green mountain bike sitting next to a bridge as a train passes by.,97298
527,261679,coco-30k,"A white kitchen with plenty of counter space, a dishwasher and a oven.",9131
528,576305,coco-30k,"A little girl lies on a wooden bench, eating snacks from a bag.",5547
529,316429,coco-30k,Four airplanes  that are crop dusting over some land.,932
530,113588,coco-30k,several young students working at a desk with multiple computers,31184
531,543047,coco-30k,A scene of an apartment with a dining table and a couple of couches.,15971
532,263163,coco-30k,A man sits on a bench in a no smoking area,49656
533,557016,coco-30k,A man drives his car down a road with foot and animal traffic,91943
534,54679,coco-30k,A woman holds a pink and blue kite in her hand,96038
535,106335,coco-30k,Several vehicles turning the corner on a busy intersection.,28902
536,8718,coco-30k,A breakfast bowl consisting of blueberry sconce and strawberry with side of coffee,92553
537,245902,coco-30k,The bathroom has two large windows with a ledge.,49625
538,210060,coco-30k,A woman on a bike with a baby seat holding a dog leash.,79364
539,580388,coco-30k,The man is holding two knives in his hands.,77543
540,92963,coco-30k,An airplane on a runway with snow on it.,449
541,206176,coco-30k,A colorful checkered motorcycle parked along the street.,83971
542,559252,coco-30k,A grey van in front if a parking meter that takes credit cards.,88755
543,347142,coco-30k,A men's public washroom with a blue floor. ,13101
544,358765,coco-30k,A brown songbird perched on the handlebars of a bicycle.,83017
545,101172,coco-30k,A local hero rides through the streets of town on his motorcycle with stuffed animals.,32967
546,195179,coco-30k,A small kitchen with black countertops and stainless steel appliances.,55635
547,364243,coco-30k,A man rides a silver motorcycle down the street in town.,47233
548,321432,coco-30k,A little boy in the airport watching an airplane.,21398
549,53434,coco-30k,A fuzzy photo shows a simple bathroom and bathtub.,17825
550,565391,coco-30k,A jeep with a dead bird on the windshield.,306
551,775,coco-30k,A rear view mirror on a bike is reflecting a poster on building.,66695
552,215408,coco-30k,A medieval style tower and clock against blue sky.,92100
553,47775,coco-30k,a bathroom with two sinks two mirrors and a bath tub,23197
554,469492,coco-30k,An old fashioned biplane with its propeller spinning.,49168
555,383065,coco-30k,Unique looking Modern Outdoor Public restroom on a sidewalk.,77764
556,310121,coco-30k,"A baby, an old lady, a woman, and a man prepare for turkey",81229
557,287554,coco-30k,A bathroom with a brown shower curtain and white toilet ,22301
558,69773,coco-30k,"Inside a restroom stall, a rag floats in the toilet water.",56141
559,484397,coco-30k,Person on a motorcycle driving on a paved course.,96100
560,461017,coco-30k,A plane getting ready to land on a runway with another parked on the side or waiting to take off.,76242
561,285007,coco-30k,a kitchen with a sink a stove and a microwave,94336
562,550527,coco-30k,A bathroom with an odd shaped toilet next to a shower.,88731
563,356528,coco-30k,Three monitors sitting on a table one with a view of a baseball game.,53659
564,436875,coco-30k,"Photo of a white towel, plunger and a wall air freshener.",79229
565,127496,coco-30k,This is an aerial view of the nearly-finished bathroom  in a house still under construction.,64684
566,533039,coco-30k,A park bench has been crushed by something,23201
567,281676,coco-30k,a person riding a motorcycle on a closed course ,47396
568,3035,coco-30k,an airplane is getting ready to be loaded with passengers ,65087
569,485802,coco-30k,An airplane leaving a trail in the sky.,36016
570,37322,coco-30k,An orange motorcycle is parked next to a car.,85784
571,86220,coco-30k,A car and a public transit vehicle on a road.,99042
572,168775,coco-30k,A person standing in the kitchen holding a ladle above a bowl while reading a book.,30592
573,142340,coco-30k,A white toilet with a blue seat on a display platform.,68272
574,497375,coco-30k,People in a kitchen are preparing food with plastic gloves on.,41542
575,170393,coco-30k,An old Mustang sits parked next to a parking meter with a sign on it.,96316
576,208871,coco-30k,An older man carrying a plate of food and making a silly face. ,66300
577,89281,coco-30k,a close up of a person cleaning a toilet,45317
578,428305,coco-30k,A pirstine white and black bathroom with a tub by a window,75938
579,556545,coco-30k,A skateboard resting against a wall with a photo sitting next to it. ,26877
580,412894,coco-30k,Dozens of people walking around a metro area,38621
581,253441,coco-30k,"A pink bathroom contains a toilet sink, cabinets, and mirror.",39712
582,556349,coco-30k,"Red motorcycle parked outside of large building in the city, ",74955
583,440124,coco-30k,A plane on the tarmac with airport personnel.,30780
584,70889,coco-30k,A large airplane sits on a wet airstrip on the other side of barred windows.,55829
585,531061,coco-30k,two people riding on a motorcycle on a road,29611
586,365822,coco-30k,a kitchen with a window some cupboards ,64318
587,293228,coco-30k,A library is ready for summer reading along the bookcases.,28404
588,577377,coco-30k,a kitchen with a refrigerator a sink and a stove,98964
589,99054,coco-30k,some planes on an air port run way,69618
590,26564,coco-30k,An office desk with a row of books and a desktop computer and laptop computer on the desk.,63202
591,36124,coco-30k,an orange and white cat is sitting under a car,22544
592,368349,coco-30k,A tiled bathroom with white towels hanging up. ,57686
593,463555,coco-30k,Banana slices and peanut butter on a blue plate.,86295
594,161603,coco-30k,A cow inside a brick building with people looking at it through the door way.,13290
595,77102,coco-30k,Several types of houseplants sitting on a window ledge to receive light from the sun.,43843
596,441473,coco-30k,This bathroom could benefit from a decorating makeover.,44787
597,377867,coco-30k,A cat sits next to a bike that is garnished with flowers. ,8761
598,511622,coco-30k,A woman in a scarf cooks using a huge ladel,39050
599,19358,coco-30k,Two blue bowls of food next to a bottle of cinnamon and sugar.,53543
600,425266,coco-30k,A fully furnished living room with a television leads into a bed room.,66040
601,238147,coco-30k,two bikes parked on the street with pizza delivery boxes attached to their back ends,41516
602,278295,coco-30k,view of a mountain top and clouds from a very high angle,59715
603,538319,coco-30k,a man on skis holds onto the hands of a small girl on skis,58244
604,467887,coco-30k,A man uses his computer while sitting at a desk. ,3710
605,112915,coco-30k,some gray walls a toilet a dartboard and some pictures,47128
606,137330,coco-30k,Black and white photo of a boat full of rowers.,1181
607,84980,coco-30k,a dog is herding some sheep and some people are watching ,66195
608,75001,coco-30k,three people on bicycles lined up behind one another along a road.,80102
609,145448,coco-30k,A cat sleeping on a grey tarp on top of a car.,166
610,44361,coco-30k,A bathroom with a large white tub and his and her sinks.,10564
611,24996,coco-30k,A bathroom with a glass door and a sink.,48794
612,258985,coco-30k,A large porcelain toilet posed with a tan flower pot. ,42399
613,204805,coco-30k,A large boat filled with mean on wheels.,53288
614,265574,coco-30k,A bathroom with a white bathtub next to a toilet.,36310
615,93791,coco-30k,two street signs on a red and white pole next to street.,87165
616,545162,coco-30k,A sink and a show with a cream tile and red painted wall.,25785
617,426840,coco-30k,Two airplanes on a landing strip next to green field and wired fence.,11197
618,358103,coco-30k,A lucky bamboo plant in the window of a small bathroom.,28360
619,153445,coco-30k,"a living room with a leather sofa , flat screen television, throw pillows and a wood slatted coffee table.",93633
620,135671,coco-30k,The motorcycle procession made their way down the crowded street.,95371
621,68852,coco-30k,An old car in a parking lot with a surfboard strapped to the top,40580
622,406201,coco-30k,An open beige toilet with some sort of meter across the seat.,30868
623,580543,coco-30k,Photo of bathroom with tank less toilet and beige and brown walls.,94913
624,501385,coco-30k,Three giraffes in a wood and metal fenced enclosure.,13038
625,561088,coco-30k,A reflection of a woman in a mirror with a camera.,72375
626,124210,coco-30k,A cooler and fishing gear on a fishing pier.,44079
627,327433,coco-30k,The wildlife is grazing on the tall vegetation.,58910
628,230226,coco-30k,A bath caddy is stuffed with all the amenities for teeth care.,38096
629,217039,coco-30k,Closeup of view of the cabin and wing of a large commercial airliner.,2089
630,51628,coco-30k,People are lying down watching television with their socks on.,20693
631,374060,coco-30k,A small airplane getting ready to take off in field ,93051
632,185276,coco-30k,A bathroom with two toilets look in very bad shape.,86096
633,62025,coco-30k,An image of a hotel bathroom that is ugly.,52336
634,489091,coco-30k,A residential bathroom has a modern motel look with upgraded fixtures and accessories.,18674
635,380247,coco-30k,A small kitchen inside of a dark office,84952
636,155154,coco-30k,The bathroom is small and white and gray.,76974
637,484531,coco-30k,A young man stands by two red motorcycles.,95138
638,79446,coco-30k,Three piece fixture bathroom with window over the bathtub.,33407
639,554749,coco-30k,Bathroom with a large  marble tub and marble floor.,63828
640,295574,coco-30k,A man taking pics in a bathroom with a cellphone,92980
641,243386,coco-30k,A shower equipped for a physically challenged person with a shower chair,22440
642,520941,coco-30k,A group of people shopping inside a foreign market,47060
643,384007,coco-30k,A dog out in a field with a herd of sheep.,58136
644,265313,coco-30k,Two cat lying on a floor playing with each other,277
645,197792,coco-30k,A black and white photo of a teddy bear holding a cross.,42603
646,514116,coco-30k,A toilet as is typical in Asian countries. ,18451
647,577212,coco-30k,"A kitchen area is being built that contains a deep sink, a dishwasher, and cabinets. ",45774
648,82363,coco-30k,A very small white bathroom with some sort of electronic apparatus beside the commode. ,8070
649,71711,coco-30k,A large airplane museum with old war planes.,95306
650,416668,coco-30k,A black cat is huddled in the bathroom sink for a perfect fit.,67387
651,431113,coco-30k,A man riding on the back of another mans bike in the street,5412
652,17235,coco-30k,A light brown bathroom with a white toilet and sink.,83736
653,488349,coco-30k,An angled view from the kitchen of an unfurnished home.,39659
654,345930,coco-30k,A view of a cloudy sky beyond a street lamp.,87621
655,152771,coco-30k,A bike in the middle of an empty parking lot next to trees,36126
656,437392,coco-30k,A toilet that is decorated like a pink stuffed animal,44868
657,570001,coco-30k,A large passenger plane on a runway prepares to taxi,85647
658,213429,coco-30k,A small bathroom with a stainless steel sink,19442
659,349101,coco-30k,A car accident between a car and a bus,20418
660,422416,coco-30k,A ladder sitting against a bathroom wall next to a toilet.,20443
661,96946,coco-30k,A woman is crossing the street with a bouquet of flowers.,68897
662,237060,coco-30k,A huge airplane looks small against a wide open concrete area.,66866
663,577912,coco-30k,A bathroom that has a sink in a window sill.,23643
664,559303,coco-30k,A man is lounging on a motorcycle while parked alongside the road.,3751
665,444382,coco-30k,A wooden kitchen table and bench on wooden floor.,95611
666,384111,coco-30k,A blue race car bed sitting next to a fake fuel pump.,25701
667,482974,coco-30k,A desktop computer in a kitchen with a lamp next to it.,47411
668,19028,coco-30k,Small kitchen with white cabinets and white appliances with a city view. ,9302
669,230190,coco-30k,A computer keyboard next to a mouse and remote control sitting on top of a table.,13794
670,35768,coco-30k,This office area is organized with many notes and materials.,11275
671,571804,coco-30k,Ten porcelain pieces with floral patterns painted on them.,22704
672,78404,coco-30k,Three women sitting on a park bench next to each other.,59109
673,258266,coco-30k,A bowl of food sitting on top of a white kitchen counter.,58095
674,187680,coco-30k,A large propeller airplane flying through the sky.,80661
675,308631,coco-30k,People stand around an antique motorcycle in a grassy area.,15645
676,369190,coco-30k,A row of bicycles parked on the sidewalk.,93183
677,427639,coco-30k,a spotted dog sitting underneath the kitchen counter,4285
678,482707,coco-30k,Two nice motorcycles are parked in the grass,35498
679,170630,coco-30k,A woman standing in a kitchen in front of a washing machine.,73905
680,399879,coco-30k,A woman in a red robe is sitting at a dining table.,49544
681,423971,coco-30k,A toilet with an illuminated seat in a restroom.,3459
682,499802,coco-30k,A parade with police officers riding police motorcycles,93019
683,304560,coco-30k,A black ct with green eyes sitting in the sun.,29615
684,117869,coco-30k,A giraffes peaking over a rock with trees in the background.,53386
685,432397,coco-30k,A black and white photograph of a plane with many admirers.,41990
686,292278,coco-30k,A bathroom with a sink under a huge vanity mirror.,73510
687,464534,coco-30k,a view of a bathroom area with a white long flusher and window behind it ,35832
688,553436,coco-30k,Two men and a dog in a kitchen.,27431
689,386766,coco-30k,A marble tiled bathroom with double sinks and wooden cabinets,20627
690,196521,coco-30k,A bathroom has a self standing sink on the wall.,35329
691,479008,coco-30k,A group of passengers sitting on an airplane in flight,52805
692,532686,coco-30k,A white bathroom with a walk in shower and a toilet.,48757
693,361386,coco-30k,A motorcycle is in a parking lot with a helmet on top.,96036
694,32124,coco-30k,A pretty young lady sitting on a sidewalk next to an older man.,27763
695,478120,coco-30k,An ANA airplane as it is taking off.,28525
696,283833,coco-30k,An adorable small dog wearing sunglasses while sitting in a back seat.,13154
697,172285,coco-30k,Two tall giraffe standing next to a green leaf filled tree,78523
698,221708,coco-30k,Lights shine on a wooden dining room table.,29714
699,118097,coco-30k,A man thinks as he stands in front of a sign.,10476
700,412184,coco-30k,An airplane parked in front of a small airport.,93936
701,240565,coco-30k,Three white urinals hanging on a wall in the bathroom.,19141
702,293218,coco-30k,An airplane flies low to the ground near a mountain range.,30198
703,169111,coco-30k,MIXTURE OF FRUITS KEPT IN A BIG BOWL.,6545
704,11721,coco-30k,A golden stoned elevator has a clock above it. ,65507
705,13296,coco-30k,A clown riding a bike down the street,60305
706,241867,coco-30k,A orange and cream colored bus parked outside a small market.,62923
707,490847,coco-30k,A man riding a bike on a dirt path through a forest.,99436
708,88682,coco-30k,A group of people set on the ground talking in a park.,33358
709,559270,coco-30k,"A man, woman and child in an advertisement vehicle for a seafood restaurant.",94799
710,121430,coco-30k,A green motor bike with an odd leather seat sitting on a road.,67529
711,276387,coco-30k,A snow covered soiled toilet sitting in front of a house.,2840
712,195894,coco-30k,A large bedroom with big windows and a patio.,50263
713,434891,coco-30k,A picture of a cat on a bike panted on a garage door.,7950
714,82312,coco-30k,A brown dog standing next to bicycles in front of a store.,85859
715,487181,coco-30k,A young man crossing a street next to bikers.,58935
716,515422,coco-30k,A black and white image of a plane flying over treetops.,36774
717,36492,coco-30k,A large jetliner parked an airport near a passenger loading terminal.,50857
718,16730,coco-30k,A dog sitting in front of a brown wooden door.,88834
719,80017,coco-30k,"A toilet with a blue seat cover with a note that reads "" Please Don't Use Sorry"".",24241
720,509811,coco-30k,A library filled with wooden tables with apple laptop computers on them.,57599
721,484080,coco-30k,A glass vase filled with oranges on a table next to a plate filled with even more oranges.,74553
722,301827,coco-30k,A kitchen with a doorway leading to a laundry room.,17746
723,455943,coco-30k,An airplane high in the sky flying overhead.,9400
724,18975,coco-30k,An airport with large jetliners and a bus traveling on a tarmac.,47268
725,26204,coco-30k,A street filled with lots of traffic next to tall buildings.,2344
726,133002,coco-30k,A man riding a motorcycle with a woman on the back.,45126
727,8292,coco-30k,A narrow kitchen with a refrigerator at the end of it.,74796
728,85576,coco-30k,A commercial bathroom stall with empty toilet paper holders.,59846
729,283190,coco-30k,A kitchen with a white stove and oven.,17934
730,542183,coco-30k,A man standing next to a motorcycle in the middle of a street.,18121
731,409500,coco-30k,A bathroom with the toilet tank high up on the wall.  ,73169
732,443652,coco-30k,A bathroom with a walk in shower next to a toilet.,52846
733,215255,coco-30k,A bathroom with a white sink next to a toilet paper roller.,44773
734,314016,coco-30k,A shelf in a bathroom holding liquor and a book.,79369
735,3466,coco-30k,The man is wearing orange and black shoes.,15450
736,308677,coco-30k,A young man riding a bike through a trail in the woods.,93533
737,35897,coco-30k,A sloping street in a small mountain community.,97054
738,28714,coco-30k,A bicycle resting outside of a building door,73490
739,498350,coco-30k,Motorcycle rider rides a rocky trail in the forest.,75236
740,363286,coco-30k,passengers sitting in the seats aboard an aircraft,63134
741,108838,coco-30k,"People outside a building on a street with a gay crossing, girl with bicycle, and a motorcycle rider with helmut.",51115
742,153217,coco-30k,a black cat standing in front of a motorcycle,51237
743,196415,coco-30k,Old motor bike sitting on display in a museum. ,15051
744,316183,coco-30k,A person with an umbrella is standing by a fountain.,43145
745,48708,coco-30k,A kitchen has a dining table with a lime green chair.,35149
746,98194,coco-30k,Two black and white dogs in front of an abandoned truck in a wooden area. ,2535
747,487338,coco-30k,A girl is holding a paper up over her face as a man is shown behind in a mirror talking on a phone.,15274
748,120340,coco-30k,a man putting his bike on a rack in front of the bus,9045
749,25853,coco-30k,A mountain bike leaned up against a bus stop bench.,1444
750,202573,coco-30k,Clear blue sky's with a plane flying by.,65423
751,575032,coco-30k,A square white sink beneath an elegant mirror,31070
752,381551,coco-30k,a punch of people sitting on park benches,27108
753,319345,coco-30k,A row of motorcycles parked next to each other.,5688
754,62200,coco-30k,Two parking meters on a city street. ,21203
755,567636,coco-30k,A woman standing in a kitchen with her hands clasp together. ,39962
756,460567,coco-30k,"Antelopes, zebras, and giraffes are gathered around the watering hole. ",36926
757,204930,coco-30k,A giraffe standing by itself in the sand.,55799
758,270066,coco-30k,A motorcycle is parked near a puddle and a van.,20707
759,155617,coco-30k,A small bathroom with a checker board  wall.,86039
760,470313,coco-30k,A girl takes a picture of herself in the mirror.,58009
761,276631,coco-30k,A large bowl full of noodles and onions,90378
762,48185,coco-30k,A clean bathroom with black marble counter top.,32965
763,554433,coco-30k,A foot ball fan is showing off his team spirit,39770
764,348708,coco-30k,The banana is laying next to an almost empty bowl.,10876
765,195955,coco-30k,A group of people sitting on a train with lots of luggage.,1778
766,241113,coco-30k,A yellow and green checkered motorcycle parked in front of a store window.,88919
767,79930,coco-30k,"A man, a woman and a child ride a motorbike together in front of a small building.",91417
768,552074,coco-30k,"A dirty bathroom features a toilet with a blue seat, a tub and a waste paper basket.",91373
769,224051,coco-30k,A bike is perched on a concrete girder on the road.,72586
770,163746,coco-30k,A pretty young girl standing next to another pretty young girl on a beach.,80044
771,382122,coco-30k,A large church building with a massive clock tower.,29823
772,93331,coco-30k,A white toilet sitting next to a window in a bathroom.,10644
773,60760,coco-30k,A bathroom with a walk in shower currently under repair.,62867
774,570981,coco-30k,A kitchen filled with dishes and clutter and its sink under repair.,77811
775,367336,coco-30k,A large cathedral with a massive tower in front of a street.,10747
776,183379,coco-30k,Large jetliners parked on an airport tarmac outside of an airport.,77328
777,253986,coco-30k,Two women sitting on benches in an outdoor setting.,77813
778,939,coco-30k,a bathroom wih a big mirror and a tv attached in the corner,44987
779,441695,coco-30k,a group of airplanes waiting on the tarmac,60839
780,110560,coco-30k,A bathroom sink under a mirror in a bathroom.,97131
781,532285,coco-30k,A bike parked on a grass field next to a river.,78278
782,65057,coco-30k,A man with a football being chased by another man.,4092
783,330676,coco-30k,A herd of sheep standing on a dry grass field behind a white fence.,83357
784,531234,coco-30k,A man working on a motorcycle suspended in a garage.,60327
785,372220,coco-30k,A man with white hair and a beard wearing priestly robes.,38111
786,571857,coco-30k,"In the desert, two people are sitting next to a small propeller plane next to a tent with other planes in the background.",53587
787,170041,coco-30k,"A tiled shower, molded plastic bathtub, shelf, mirror, wooden vanity, lamp, and sink make up a beige colored bathroom.",5891
788,243456,coco-30k,Two cats sitting on a  sill looking out the window,70155
789,83049,coco-30k,Two people sitting and laying on top of a park bench.,62904
790,209747,coco-30k,A gray and white kitten sitting in a bathroom sink.,2072
791,160529,coco-30k,An commerical airplane is flying high in the sky,84117
792,127119,coco-30k,A motorcycle parked outside in a parking lot near the beach.,70299
793,358302,coco-30k,A woman gathers the trash in her kitchen.,88220
794,278509,coco-30k,a motorcycle sitting on the sidewalk in the shade,84989
795,575205,coco-30k,A small plane is preparing to land on the strip,11137
796,466118,coco-30k,Bathroom designed to look like a caveman's den. ,43812
797,395978,coco-30k,A large jetliner lading on a runway at an airport.,15934
798,81922,coco-30k,A large jetliner flying over a traffic filled street.,26332
799,318161,coco-30k,Two urinals sitting side by side in a restroom.,36304
800,264121,coco-30k,A motorcycle parked in the middle of a roadway.,59154
801,393659,coco-30k,A bathroom with two sinks and two mirrors.,84634
802,545317,coco-30k,A bathroom with a vanity mirror next to a white toilet.,61649
803,326937,coco-30k,A small black dog watching a flat screen TV.,39507
804,495984,coco-30k,A white toilet sitting in the corner of a bathroom.,38380
805,346904,coco-30k,A bus driving down a road by a building.,28912
806,55955,coco-30k,A sports motorcycle is parked on a gravel road by a river.,14054
807,53431,coco-30k,A man wearing a beret while using a laptop computer.,86250
808,370138,coco-30k,A kitchen with a wooden counter next to an oven with a stove.,37549
809,325958,coco-30k,A person on a motorcycle looks at a sign.,36945
810,246004,coco-30k,A man and a pretty woman sitting together while the woman holds a teddy bear.,59267
811,511145,coco-30k,A man riding a motorcycle on a race track.,50370
812,540354,coco-30k,A bathroom filled with urinals mounted on a wall side by side.,10774
813,99518,coco-30k,A mean leaning against a metal rail next to an airport.,84416
814,17379,coco-30k,a flat screen TV embedded in a restroom mirror.,24524
815,283816,coco-30k,a kitchen with a refrigerator a small table and chairs,44384
816,434060,coco-30k,A herd of sheep grazing in a grass covered field.,7792
817,386313,coco-30k,a bicycle in a living room with a tv,12705
818,55002,coco-30k,A metallic toilet sitting in a small bathroom.,87011
819,263961,coco-30k,A bike leans on a wooden fence on a hill.,6897
820,125870,coco-30k,An airport filled with large passenger jets parked next to each other.,9902
821,432605,coco-30k,A bathroom with an open door and a sink beneath a mirror.,33949
822,210883,coco-30k,A couple of men herding sheep down a road.,26028
823,482382,coco-30k,An overhead view of a man in front of a public toilet.,18503
824,560879,coco-30k,A beach filled with people flying colorful kites,31259
825,210228,coco-30k,Two small planes flying with each other in the sky,24003
826,53484,coco-30k,A red painted wall is against a television.,55882
827,45208,coco-30k,A small black cat sitting on the ground.,24892
828,471858,coco-30k,A middle aged man standing next to a parked motorcycle,25385
829,509807,coco-30k,A kitchen counter with dishes dryin g on the stove,25501
830,486400,coco-30k,A young woman on a beach flying a kite,70111
831,331686,coco-30k,an image of a group of policeman on motorcylces,92428
832,570138,coco-30k,"A bathroom with a sink, toilet, and vanity.",26580
833,439837,coco-30k,This kitchen has a blue sink with many plants hanging around,50026
834,568717,coco-30k,"A very roomy, clean kitchen in green and white tile. ",59840
835,263700,coco-30k,A citizen stands pointing to a Police motorcycle as the cop looks on. ,43159
836,463825,coco-30k,A cat climbing into a bathroom sink looking at someone,30811
837,202228,coco-30k,The reflection of a man taking  a picture in a mirror,81104
838,194832,coco-30k,A television screen is displayed in an empty bus.,7560
839,541783,coco-30k,Blurred image of motorized scooters on a wooded road.,99603
840,392320,coco-30k,mANY CHEFS WORK ON COOKING FOOD IN THE KITCHEN.,36860
841,89391,coco-30k,A small bath room with a sink and toilet.,49301
842,173530,coco-30k,A Ford Mustang next to a brown horse.,76553
843,147518,coco-30k,A bathroom that has magazine rack and small cabinet.,48113
844,22718,coco-30k,The airplane flies low to the ground during sunset.,76120
845,95736,coco-30k,A house's address is visible through a cracked windshield.,60456
846,117458,coco-30k,A man is riding with a box on the back of his bike.,65751
847,569652,coco-30k,a stainless steel tabletop covered in dinnerware in a kitchen,98806
848,347740,coco-30k,A bathroom is photographed with a fisheye filter.,9116
849,284153,coco-30k,a bathroom with a bath tub a toilet and a sink,96946
850,566038,coco-30k,A bird sits on an outside windowsill overlooking a parking lot.,15712
851,46011,coco-30k,a small air plane on an air plane run way,48625
852,543203,coco-30k,"Passenger air planes parked at an airport, overcast weather.",20584
853,295756,coco-30k,Six white pedestals sinks sitting by the wall in a bathroom.,10399
854,26522,coco-30k,Extremely modern bathroom renovation with wood and porcelain,32460
855,427796,coco-30k,a table with pots and pitchers with knives in a cupboard,94884
856,581654,coco-30k,A dog approaches two sheep in front of onlookers.,8030
857,571518,coco-30k,All of the bunches of bananas are yellow and ripe.,8632
858,254172,coco-30k,"A woman with a giraffe , parrot and kangaroo near the eiffel tower",86494
859,304447,coco-30k,Cats in a bathroom playing with the toilet paper,44172
860,135116,coco-30k,A furry long haired dog standing near a car,92859
861,332607,coco-30k,A girl sitting on a kitchen counter drinking wine.,47754
862,146112,coco-30k,A man standing next to a bike inside of a building.,27579
863,535483,coco-30k,A woman is riding a bike with something in her hand. ,94955
864,315191,coco-30k,An airplane doing maneuvers with white smoke pouring out of it's back end.,50190
865,105177,coco-30k,A simple white residential kitchen with breakfast bar,79885
866,453093,coco-30k,A bathroom that has recently been tiled and grouted,18354
867,72810,coco-30k,A bicycle parked next to a snow covered park bench.,17309
868,337044,coco-30k,A man standing next to a dog near a sheep penn.,26499
869,391371,coco-30k,A silver park bench is in the park ,90489
870,541274,coco-30k,A group of giraffe standing next to each other by tall trees.,25723
871,3661,coco-30k,A bunch of bananas sitting on top of a wooden table.,41596
872,7288,coco-30k,A white toilet bowl with an electronic brown seat.,44872
873,410350,coco-30k,Two cooks standing at the counter on a kithchen next to bottles.,89009
874,449466,coco-30k,A man prepares food in a restaurant kitchen.,34824
875,150144,coco-30k,A woman in vintage clothing carrying an umbrella,4818
876,111076,coco-30k,A bathroom with a sink and toilet and a window.,45834
877,173350,coco-30k,Two dogs are looking up while they stand near the toilet in the bathroom.,9017
878,579593,coco-30k,A giraffe walking through dead bushes and grass.,78292
879,150538,coco-30k,A lone man sitting on a bench on hill next to a large tree,554
880,560373,coco-30k,A tan dog with sky blue eyes posing for a picture with a man sitting on a chair in the background.,71222
881,133503,coco-30k,A double decker bus driving while it snows.,17813
882,562150,coco-30k,A little girl holding a kitten next to a blue fence.,69922
883,347925,coco-30k,Two giraffes standing beside each other next to a fence.,57146
884,385181,coco-30k,A white dish with a tomato based casserole,30400
885,200365,coco-30k,A plate with two hot dogs and a cup of coke on a table next to a bike.,60795
886,543660,coco-30k,A public rest room with a black and white checkered floor.,88691
887,378727,coco-30k,Person on motorbike  with speed detector showing 26.,99208
888,541086,coco-30k,An ornate vase with a handle sitting on a table.,94681
889,558642,coco-30k,a bowl of fruit and pastry on a table,53318
890,147740,coco-30k,A woman walking while carrying bananas on her hat.,81172
891,255654,coco-30k,"Commode scene, probably commercial establishment, outside of USA.",49247
892,436130,coco-30k,A small kitchen cluttered with a variety of kitchen items.,3581
893,561578,coco-30k,a brick clock tower in the middle of a street,5279
894,178084,coco-30k,A motorcycle being held up slightly by its back tire.,84379
895,43997,coco-30k,A row of wall mounted sinks in a restroom.,61206
896,91263,coco-30k,A woman making sandwiches on a kitchen counter top.,29511
897,312175,coco-30k,A woman standing outside with her black luggage.,45383
898,553588,coco-30k,A tall building with a lot of windows and a clock. ,64722
899,99425,coco-30k,A large crowd of motorcycle enthusiasts at a motorcycle event.,67507
900,303321,coco-30k,A biker with a helmet on is standing behind two motorcycles.,63345
901,497504,coco-30k,A walkway suspended over a street with a clock mounted to it.,88794
902,84064,coco-30k,A bathroom with white tile and a beige toilet.   ,21354
903,31019,coco-30k,A crowd of people walking down a street next to a traffic light.,14742
904,423769,coco-30k,A green bathroom with a mirror and a pink sink.,36046
905,35525,coco-30k,Man in a restaurant kitchen preparing a meal.,5038
906,465664,coco-30k,A 787 Jet Airplane sitting on a runway at an airport.,76609
907,127668,coco-30k,A large truck drives up to an airplane.,75226
908,85632,coco-30k,A small bathroom with a white toilet sitting next to a sink.,51381
909,167724,coco-30k,A woman holding a big spoon while cooking spaghetti.,89410
910,243204,coco-30k,A person is holding a spatula near slices of bread on a stove.,1477
911,375916,coco-30k,A compact bathroom with vessel sink and toilet.,48092
912,177101,coco-30k,A plane is sitting on the tarmac as the sun rises or sets.,67888
913,93703,coco-30k,a white and blue jet is flying in some clouds,10547
914,512334,coco-30k,An airplane sitting in front of a group of people.,99128
915,43092,coco-30k,a computer on a desk surrounded by papers,23231
916,340511,coco-30k,A kitchen filled with pots and pans under a microwave.,45729
917,415874,coco-30k,"A pizza sitting on top of a table with olives, sausage and cheese.",46687
918,556230,coco-30k,a kitchen has a chrome stove and oven with white cabinets.,60505
919,394517,coco-30k,a shower door a sink a mirror and an outlet,37475
920,368900,coco-30k,A cluttered room filled with a tv and a kitchen. ,91948
921,263687,coco-30k,a person in an office setting sitting in a chair,65704
922,426053,coco-30k,a bathroom with a toilet and a sink,21040
923,271970,coco-30k,A small white church with a clock on the side of it's tower sitting on the end of a street ,77633
924,5412,coco-30k,a light brown bathroom with drawers sink and toilet,74648
925,471488,coco-30k,Two motorcyclists driving on a street with parked vehicles.,63683
926,356145,coco-30k,two people with a motorcycle and trailer parked by a waterfall.,92204
927,234590,coco-30k,"a bathroom with towels , lights, and a sink that is clean ",57312
928,94745,coco-30k,Young man holding a tennis racket while standing in front of a fence.,10863
929,320249,coco-30k,THERE IS A MOTORCYLCE WITH PEOPLE STANDING ON THE SIDE OF THE STREET ,17837
930,401623,coco-30k,A nice shower has a glass enclosure and sliding door,85648
931,204507,coco-30k,THERE ARE TWO PEOPLE THAT ARE STANDING TOGETHER ,38545
932,241888,coco-30k,"Two toilet stall, one blue and the other orange.",17646
933,413096,coco-30k,A plane on the runway is being led by a tow cart,571
934,380756,coco-30k,A herd of sheep is on the side of the road and a bus drives through.,17886
935,334291,coco-30k,A woman cooks dinner while three people stand at a counter in the kitchen.,1401
936,14921,coco-30k,There are pictures of flowers in the bathroom.,50485
937,454203,coco-30k,"A long, narrow yellow kitchen with black and white floor tiles.",59753
938,51844,coco-30k,four lambs grazing in a fenced in pasture,25735
939,214192,coco-30k,two motocross racers in the middle of a race,9208
940,53838,coco-30k,A large plane flies in the sky while a reflection shines from the wings.,33369
941,134096,coco-30k,A calico cat drinking from a sink faucet.,74099
942,441586,coco-30k,"MAN ON A CONTRAPTION, SURROUNDED BY A BICYCLE AND ANOTHER PERSON",17318
943,515289,coco-30k,People riding bicycles down the road approaching a bird.,50751
944,488755,coco-30k,Two skiers trekking across the terrain in the snow,15408
945,262394,coco-30k,Motorcycle parked along the street next to a building.,42565
946,570349,coco-30k,"BLACK, BLUE, WHITE, RED, ORANGE RED AND YELLOW AIRPLANE",21818
947,309022,coco-30k,A commercial stainless kitchen with a pot of food cooking. ,92142
948,345389,coco-30k, A tall woman is standing in a small kitchen,61
949,352000,coco-30k,The large mirror has bright lighting behind it.,79700
950,299042,coco-30k,Two sheep are standing side by side behind a fence.,14085
951,280320,coco-30k,Urinals lined up along one wall with a handicap accessible one at the end.,14043
952,565296,coco-30k,Long counter in center of room surrounded by grocery cases.,12474
953,484723,coco-30k,Lovingly restored antique double decker buses in London,34621
954,483994,coco-30k,Sheep are standing on a platform with a dog behind them.,73032
955,425221,coco-30k,A plane is flying away from the airport,97186
956,363048,coco-30k,There are two people riding on a motorcycle together,55489
957,195267,coco-30k,A person in a red sweatshirt on a motorcycle,57452
958,86426,coco-30k,A computer screen is lit up on a computer desk.,72763
959,2061,coco-30k,A public restroom with a  garbage can and shower hose,53681
960,183895,coco-30k,People watching a plane take off from a runway.,10092
961,181524,coco-30k,A gas station and a traffic light. ,19108
962,438999,coco-30k,Food and a spoon sit on a plate on a table.,37185
963,402626,coco-30k,A dog chasing several sheep through a pasture.,32940
964,65258,coco-30k,A makeshift tent is constructed at a camp site.,26765
965,165750,coco-30k,A shower curtain is pulled back in a bathroom. ,4627
966,507958,coco-30k,A kitchen with oak cabinetry  and white appliances,32877
967,57454,coco-30k,A bathroom with urinals that have graffiti above them,14769
968,556345,coco-30k,A welcome sign over a road with cars driving underneath,53813
969,102668,coco-30k,A large white bus drives through an intersection. ,85749
970,24061,coco-30k,A picture of a bathroom with a sink and tolet.,88368
971,163155,coco-30k,A cat crouched over sitting by a brick wall.,22868
972,504900,coco-30k,A man sitting on a couch with a dog on his lap,22141
973,315868,coco-30k,A motorcycle parked next to street with little to no traffic.,34297
974,578632,coco-30k,A cat sitting on the hood of a car.,91634
975,557135,coco-30k,A large empty bathroom with a walk in shower tub.,35764
976,216497,coco-30k,Some chairs sit at an island near an open door. ,57376
977,107922,coco-30k,A person sits at a table in a kitchen. ,47607
978,339974,coco-30k,A traffic signal sitting next to a street at night.,19927
979,54305,coco-30k,A giraffe walks through a line of cars in a parking lot.,13256
980,560367,coco-30k,A white toilet sitting next to a toilet paper roller in a bathroom.,56810
981,563311,coco-30k,An old wooden steeple with a clock on it,69569
982,448765,coco-30k,A restroom with two toilets sitting side by side.,73756
983,525344,coco-30k,A large Delta passenger jet being prepared for take off from an airport runway.,80147
984,79878,coco-30k,The interior of a bathroom with crumpled and torn toilet paper on the floor along with a toilet roll that has been pulled.,48065
985,515266,coco-30k,A white truck parked next to a white trailer.,68314
986,41271,coco-30k,Two cats eating food from bowls on a black and white checkered tile floor.,11995
987,360564,coco-30k,A walk in shower next to a toilet with a wooden seat.,4566
988,497969,coco-30k,A crowd of bikers driving down a street next to tall buildings.,45691
989,151911,coco-30k,A blurry photo of a kitchen and a dining room.,32805
990,142261,coco-30k,A young woman stands by the post with a pink umbrella.,27964
991,344488,coco-30k,A modern kitchen that is bright and painted blue and yellow.,18403
992,360573,coco-30k,A man standing next to a set of piked motorcycles.,33593
993,267135,coco-30k,A modern style wooden kitchen with multi layered counters.,73406
994,348140,coco-30k,An intracately designed boat on a river bank.,56456
995,290521,coco-30k,A herd of sheep walking on a cluster of dry grass.,56018
996,550864,coco-30k,"A modern kitchen with stainless steel fridge, wooden cabinets, and overhead lighting is separated from the dining room by a bar.",11245
997,190734,coco-30k,A kitchen with a washer sitting next to a metal sink.,21163
998,523373,coco-30k,A table full of vegetables and fruits  piled on top of each other.,16379
999,489248,coco-30k,A man sitting on a park bench next to a herd of sheep.,26395
